x1,x2,label
1.3114650929836436,76.20032040555321,0.0
11.334659549629322,80.63011379654557,1.0
38.36762666531618,79.5798928285576,1.0
23.210299065173434,86.81026069835046,1.0
47.154195276444774,66.72145123843325,1.0
71.14011861165109,22.533745833548743,0.0
19.247566528684246,75.53808818600136,1.0
88.6986808667664,42.874589221832856,1.0
97.43149598547063,19.816278399699065,1.0
70.47849335544653,53.13071563393144,1.0
67.91767097607516,36.10212066918576,0.0
95.70603330305379,40.31951489171864,1.0
49.39632975704894,47.19677660257562,0.0
56.78072840435462,54.9273027576956,1.0
10.947634328381229,64.13754174344352,0.0
47.46403731251927,56.78747755786623,1.0
67.123789260095,33.763243604272986,0.0
23.30465757298117,60.695563391717826,0.0
99.14290304793126,24.86490162756371,0.0
55.17344599197022,34.58392633914597,0.0
63.31466025318081,59.88483113828784,1.0
74.72652134403532,31.298634771903753,1.0
94.56517463434571,5.2194945533086035,0.0
94.12522789445768,2.1191001555833893,0.0
71.90182444727728,48.8002690213025,1.0
89.8787601582101,46.457483555747636,1.0
8.76823431600725,60.27007115200831,0.0
57.80629314554948,39.47599112197557,0.0
25.319061494253113,61.763019656387726,1.0
30.284936900789283,52.48081182565167,0.0
71.88071973553103,65.35918986040083,1.0
61.35858200899298,34.085967068997135,0.0
63.08627638124113,44.96402337839701,0.0
35.228354608844384,59.84416440941298,1.0
55.313140710131016,37.92549432558396,0.0
97.31268417247401,11.288788837575215,0.0
1.591131299119919,76.9927162024141,1.0
84.96418196743478,23.510083590828117,0.0
85.57004615823816,36.92872477238559,1.0
91.57853414573755,35.553905488509805,0.0
20.540783719369138,64.09478329935264,1.0
98.02206484155221,51.3766592872143,1.0
0.7740932258807787,68.8287160003422,0.0
96.56364339701598,25.56638165631103,0.0
48.89629576302683,42.95899279991231,0.0
56.352921010084536,35.82886713686005,1.0
9.41718959229898,58.36936271341683,0.0
34.961666648559486,39.78437824555293,0.0
18.30867390193205,66.51637270644673,0.0
24.880912312261493,83.91225759433894,1.0
55.89746281563933,63.66338738365441,1.0
71.34469127904312,54.29752479677902,1.0
39.689816990452144,69.46657374887239,1.0
20.408941194968243,51.58097499344439,0.0
56.62188394847409,58.770268129529185,1.0
43.305591321326276,68.13604851786017,1.0
46.40495444554064,40.47063896456588,0.0
68.99965887208299,45.51525684885576,0.0
43.148521035128425,36.25486425413381,0.0
34.033537954195346,76.5270153511116,1.0
92.14063590739833,25.51860473280202,0.0
12.336687651490086,74.81993313131778,1.0
2.268027613263335,63.65650488544532,1.0
44.8811946281795,39.35370593151993,0.0
25.657955514966414,58.47246075192702,0.0
13.991850574011123,75.90945711991776,1.0
22.36198514762866,60.43443335578999,0.0
46.0752710132212,44.752963517374404,0.0
11.306972410862793,96.66116739608302,1.0
9.421036669152338,36.15085828361398,0.0
5.364921694595548,55.241427910598716,0.0
8.261452043158535,87.62384593816535,1.0
84.83879338142714,35.072949526266186,1.0
70.90020848377743,57.133471290512325,1.0
49.700938161633815,18.873156302681963,0.0
10.07693164586817,94.01119541418022,1.0
38.130156486421676,51.86327629166992,1.0
39.0727828021472,44.1193653716503,0.0
64.7453968908526,47.98570489510713,0.0
78.4535796690621,39.37969157452278,0.0
96.18646088397249,22.64442201624602,0.0
15.931584796862996,41.713453833833356,0.0
59.35383616382013,45.93483845043496,0.0
66.82672512420662,34.398285405094164,0.0
42.41738462352325,63.69996451250395,0.0
41.084438828267935,66.55485206283299,1.0
57.78682103700101,52.49076912351705,0.0
76.88316194584401,19.60434393545438,0.0
13.203025315993965,54.56082973266706,0.0
2.2057370937938914,45.014460033877725,0.0
76.7979915295732,40.857407599451406,0.0
36.12856869481442,51.82638190320915,0.0
22.732683642964624,84.25654541887126,1.0
93.31825776694465,14.106840582901505,0.0
72.24758088909455,22.598910817781096,0.0
19.646122591757198,45.92386364660993,0.0
38.4869123169046,73.30802662334426,1.0
70.74382921032361,18.238411788833012,0.0
66.89563001939862,53.713546523111134,1.0
93.96443455818473,29.81037903498182,0.0
37.58208873976553,69.57075594528597,1.0
22.99974315943809,48.60958978094307,0.0
86.79054251521607,17.690494917324152,0.0
73.38287826788704,26.866591456316197,0.0
14.067908762739755,79.88844892743909,1.0
52.291717118427115,37.78487904840042,0.0
32.352253065997274,83.50173897984055,1.0
51.624416809655905,64.40561245155577,1.0
7.2442628550664185,82.87596138926482,1.0
48.71853046043755,55.64283021756924,1.0
77.75265037529523,23.730694572958992,0.0
11.107287092534634,69.18336318269421,0.0
10.255493594554165,77.27655059783056,0.0
9.133916588402291,54.68176297941764,1.0
74.73955008908116,38.57434076719374,1.0
58.87493115280894,42.887633147296896,1.0
91.99520663126337,48.222927086959594,1.0
1.798134248209915,102.4267824718344,1.0
18.403052902449147,74.47884684866521,1.0
11.405054876134946,56.415823416929776,0.0
38.876957155093805,40.3839303339849,0.0
58.28505317130171,21.504310151101706,0.0
36.938324166169046,69.27657411532621,1.0
14.300500237279955,79.50384312301195,1.0
87.09335095984498,27.572610145680173,0.0
68.7147535025747,17.355070125670004,0.0
60.40201256827628,37.13827314524119,0.0
63.69988259109633,53.09156114452165,1.0
84.10295191479645,41.32666519331159,1.0
71.79792190551501,57.755296991004684,1.0
39.178140046731656,38.526542059934,0.0
2.5021177128589644,84.5045006094775,0.0
69.36735909685603,77.5741873230024,1.0
38.128366952141604,40.73468245402773,0.0
69.74679068258563,26.531598018204086,0.0
82.9009737500771,45.34042226226362,1.0
48.2968659092087,55.512973092644295,0.0
93.70357692426748,5.529258509276222,0.0
54.952785174916855,41.21053278951491,1.0
89.11595770540832,26.586741322802784,0.0
16.256751572615514,69.83554657009611,1.0
98.13554623760041,15.468306386751538,0.0
75.52388776686426,49.0138301350411,1.0
62.21446139890392,31.304714289460023,0.0
83.809073142953,57.30286774250156,1.0
31.263005806730217,82.75015273872596,1.0
92.6123307224356,10.90619781371003,0.0
45.27783502753229,62.41992072296067,1.0
31.540297549361274,51.94253879331661,0.0
35.02947557576312,66.93436275452738,1.0
53.8338573274137,67.93551803859204,1.0
38.4662138387001,51.0188588583337,0.0
79.08664310133555,29.513675425080052,0.0
79.83769852621286,36.97089900579384,1.0
63.64226742753245,58.9267973318426,1.0
96.4150432422068,39.31430378327999,1.0
55.87561590131037,50.705729498527006,1.0
7.318403324675849,71.28749487731021,1.0
79.23109300912868,29.618358266056493,0.0
12.50607735543835,80.22998476774211,1.0
9.555522861277376,65.60257737157526,0.0
20.317579883225346,55.15902155852208,0.0
25.272401093709064,69.85855945736684,1.0
90.76713781550602,33.02656549720786,1.0
53.69666012550724,63.79446250092858,1.0
62.371921837864456,47.57822920907716,1.0
36.815667822896025,54.499981710023306,0.0
10.897304888359539,55.010017733898614,0.0
19.903533438353094,73.76086421785448,1.0
86.22338661443385,58.725605949872715,1.0
37.54070054087656,39.17062389702941,0.0
90.40399511393007,37.180102656534615,1.0
47.51048558173423,35.61598197996141,0.0
29.580381035363068,68.05772588383249,1.0
93.67275281199015,46.211650113765074,1.0
38.84489776056089,73.36107785233206,1.0
86.93201592164522,11.627011806441047,0.0
26.196394668937817,41.95773892579184,0.0
49.03958107894078,47.11205322704848,0.0
41.341866376917224,58.427406833376516,1.0
79.24168417353339,43.883788278011394,1.0
71.0934712593546,31.82380634493725,0.0
31.25771686829719,85.88901394526998,1.0
49.83207356724283,48.61973118780834,0.0
95.87262540946627,22.12447094176295,1.0
48.7260235474267,48.27425362337931,0.0
31.522878324972325,52.350954897137676,0.0
51.760900339642454,21.974775153177823,0.0
41.16159526405478,42.6590228858272,0.0
22.82053702034521,52.987320882881605,0.0
24.92060894342696,45.03465895009984,0.0
98.71213089084101,37.04579107986453,1.0
38.6894134454106,67.76703619481033,1.0
60.79242614901364,56.13144031187644,1.0
80.64527654377774,37.80131817252751,1.0
81.62911484256603,38.90360067021273,1.0
38.44722962271512,33.369481004289554,0.0
18.149719753910365,58.84375468207328,1.0
80.22428217640815,46.143856814725616,1.0
83.37549988470047,17.485001582261546,0.0
40.29922937409772,49.26597306923069,1.0
91.97332814950546,33.083842896065114,1.0
30.881773717831372,53.274248961983034,0.0
41.81830689761037,53.82755405950151,1.0
71.23269733556565,34.70715532129254,0.0
55.1345131364622,9.97660005455111,0.0
66.75207744313286,49.957127682516585,1.0
91.43038587588276,16.832291515876236,0.0
90.62779025101105,44.249156196137434,1.0
41.01617218054275,43.84445355907036,0.0
32.56205799441272,42.88868902036021,0.0
1.1223412237186148,97.54859967351905,1.0
69.7345204135968,19.750755933405614,0.0
52.3056111358294,29.01277855493239,0.0
70.82771306118978,53.93863311126317,1.0
15.39762970873979,72.8881723117585,1.0
50.65130481831963,71.74932286471456,1.0
30.615397156872394,49.531976771664596,0.0
31.863945334975153,67.68492598778754,1.0
30.417737193258144,68.94606252102486,1.0
51.570321777333106,60.778757869197726,1.0
28.168853040906416,76.27158959307238,1.0
65.5422815664378,38.18528513113175,0.0
40.83937589931106,70.79173516290118,1.0
93.6107393276576,56.96198111278559,1.0
12.822486212736683,76.78446677457046,1.0
2.4524667162149627,54.509194007935996,0.0
86.31758742257436,23.634822566880214,0.0
89.12182368076854,2.7647216622276574,0.0
56.36036011691063,61.873276827632075,1.0
77.0831924919975,38.22539898721674,0.0
25.77159594336219,36.20073296389352,0.0
38.842724690656624,63.58352345685473,1.0
66.48764014294323,32.9264828609726,1.0
13.248419371602383,88.28515177402977,1.0
7.1080157745912365,59.37829724633882,0.0
36.41481492105565,73.1110385358345,1.0
97.43865005722185,22.484311134931275,0.0
7.663333938027694,65.77740819353438,0.0
8.800326782995905,79.14468986460702,1.0
87.08685014026355,40.93887249571564,1.0
79.69439290610119,48.3538861649323,1.0
5.550621195532712,91.54577361791507,1.0
25.996330883069085,49.69846174547503,1.0
32.386492781866636,44.44718549813022,0.0
68.76267112415782,24.168844642490143,0.0
47.421825287131355,66.67680426151304,1.0
46.391006472727994,62.829430115144405,1.0
21.18575172954952,63.92847787069757,1.0
4.716436752487086,77.35057120361468,1.0
79.06989144421742,24.640559620516385,0.0
70.81478627791297,32.04136309490647,0.0
7.78439563494776,83.88231186055707,1.0
26.61706138113591,48.65998982676017,0.0
14.767536960396965,61.79238859269724,0.0
70.52148678616952,57.41534863234814,1.0
26.034316393536074,69.17300495015893,1.0
10.076789451220037,73.765111429286,0.0
50.97199212825749,83.37757644894117,1.0
49.32018638435605,57.75635463928535,1.0
2.7708048595596058,66.77899818528083,1.0
99.61294455665347,26.805072473945565,0.0
52.03062096344856,44.62979250145472,0.0
88.9337145674243,23.114211759003847,0.0
16.069783413795026,29.41139918808218,0.0
21.209303130858302,75.45418383249357,1.0
0.2592936311803573,87.27464711134401,1.0
9.690741019778882,98.93209996206016,1.0
49.15682715805998,60.2650140496313,1.0
74.62125226556387,61.778798032523966,1.0
8.569167567333924,66.31737353380112,0.0
55.43888183293295,52.54735568567401,1.0
71.12226119180096,34.58047906648272,0.0
59.05034013266348,78.57333354163109,1.0
72.44782004308904,57.522534764263625,1.0
39.254315078314214,40.179048055119296,0.0
87.75063695638529,20.63753578920384,0.0
22.916872659240717,71.82607854982592,1.0
53.71264293410908,27.262031016650578,0.0
85.32271609573446,15.079422583203158,0.0
55.23501662069179,28.384886237570587,0.0
33.6044237121388,35.125917233572494,0.0
73.23956627429557,22.180741957096913,0.0
86.806602918275,40.717224300720815,1.0
89.24849826312321,21.085218378155364,0.0
16.97283996335084,63.54906085911563,0.0
28.406252610349203,36.96164935367478,0.0
45.87253139919218,35.031118329356545,0.0
71.28646365364013,57.167669526936486,1.0
28.849580276501463,59.847614247319754,0.0
65.2530468741494,23.788400982119665,0.0
63.87872959427807,36.850251475233634,0.0
39.14333192786459,62.51740752611932,0.0
32.182545362411155,61.147316232331924,0.0
63.039885022582546,21.35027398048456,0.0
74.61717428592941,50.59055788433677,1.0
34.09524968208542,80.62592722584687,1.0
96.57894354087195,24.375297775021384,0.0
59.933787326324186,57.085183266113944,1.0
14.067097542838392,91.60147487193542,1.0
49.875148337215016,34.41417000274796,0.0
33.80438566742697,64.91817570222817,1.0
59.425345144340305,46.02803576838044,1.0
97.23374931556559,12.237696516278673,0.0
95.5611484418622,24.00452941113167,0.0
62.16860989459095,41.820415575105415,1.0
40.62852165835066,87.93108065032057,1.0
83.32653625143033,30.984548175830174,0.0
17.49051003571975,49.266266985893175,0.0
95.23035947255353,39.76607647588177,1.0
80.07809183316488,44.592051775565466,1.0
97.23711588623046,33.235644318527385,0.0
87.05138008540837,32.974353512696425,0.0
87.81480190270126,9.85250955243455,0.0
26.622768730254307,55.299129392729824,0.0
58.44195486027872,46.46102075311961,0.0
65.50755389241085,24.56453590373066,0.0
13.98391550671626,69.46684631918363,1.0
62.45831969526879,43.077353460957156,0.0
38.095546335670214,85.60240454212158,1.0
72.32038369698469,41.45814365446879,0.0
96.32366060011002,13.392032535163843,0.0
53.72244215159502,52.688563408161656,0.0
3.9108798318237326,63.93302105241271,1.0
62.869127362171085,52.632181020359695,1.0
17.96737401108227,52.09525610516634,0.0
59.63835884709919,40.42645432352843,1.0
64.75781094972702,59.25348997368023,1.0
45.96991170701872,47.02049008646979,0.0
42.15266994213953,70.43930931654535,1.0
24.60975083722108,56.217710944165916,0.0
24.79124244054658,57.09975320372202,0.0
22.338073756191456,72.39013055900668,0.0
31.53459841219045,75.52440137004967,1.0
14.52090099188239,78.98235347600834,1.0
1.8956012582945325,69.87389484955455,1.0
59.19363655633211,61.212423291339974,0.0
2.856252049631336,64.29271019862821,0.0
19.66862279274907,66.02825723530476,1.0
69.75127638220135,40.799306333788245,1.0
8.79915692780483,86.8292960952997,1.0
57.0489896620373,67.62696294747255,1.0
61.561228453946015,38.98058888881346,1.0
29.17815244059855,64.99367972765194,1.0
41.26593386322676,48.766573417760355,0.0
45.55737738021301,33.88590722025456,0.0
41.11215706760159,45.02920046452855,0.0
67.3048785781665,49.868692782480196,0.0
97.03534617359986,10.067236540383593,0.0
11.492192760221476,103.44786916605622,1.0
59.002312452009434,49.64811698894102,1.0
75.85274874320488,68.45399208068966,1.0
51.739245599554316,38.48111196616458,0.0
87.18528564631093,37.51066585656506,1.0
46.40823682460825,72.88675130841361,1.0
27.04404507581729,63.86290982294482,1.0
40.00130588096831,41.645840484586024,1.0
89.07142309299012,32.89997168678267,0.0
96.05148081194163,-1.0685569252837617,0.0
40.20162729038519,45.72260255119345,0.0
42.64781574555688,41.04996545978752,0.0
94.99873483915174,46.69582224718566,1.0
88.00780632061512,22.452590005393002,0.0
53.38942855061526,57.789530911542855,1.0
65.46847230402749,54.57385563674885,1.0
38.509090643866095,42.098127099171165,0.0
17.4581360264358,69.56279539554781,0.0
28.359550653042398,42.15173373995731,0.0
60.611727576076646,39.04820870472229,1.0
21.392593822506555,75.41147966692111,1.0
84.13671399557052,23.908045463922512,0.0
84.33420578793309,42.79902315617636,1.0
27.239484821912452,45.03374889669503,0.0
50.86325510382458,51.42847412871718,1.0
96.14780328322287,-5.00496357097726,0.0
30.86336093012757,29.956754944199204,0.0
68.07578183519796,29.680869258453928,0.0
32.97277512085548,76.0663758795815,1.0
33.01466243031975,43.61025002926915,0.0
90.7375364154584,15.924492778291537,0.0
39.590378344419385,47.47863262858617,0.0
42.37078543303738,74.70301380551446,1.0
4.539327329032917,95.13242054690475,1.0
29.413352279855197,55.51057841650493,0.0
63.353885450357964,60.332795525762535,1.0
20.716568617871257,66.52184484354385,1.0
81.94849167081888,49.54545202053391,0.0
31.39073859155622,76.48826996362301,1.0
43.77850071584055,43.7578226581477,0.0
94.4289965985029,41.837067963866104,1.0
30.28423376136654,38.2559751603924,0.0
66.20099392565967,57.16236632358333,1.0
21.25550774822945,89.96694325861054,1.0
36.43185863418691,68.71616486395482,1.0
95.8372585933098,28.36424895742931,0.0
69.01343182871985,60.92928098209691,1.0
64.1085168385995,25.760613266963563,1.0
99.55570298381431,14.287105376906027,1.0
61.588091269913015,57.595041049757384,1.0
84.53346879570732,31.396174822360116,1.0
66.68814022147279,33.945896900005614,0.0
94.68870636471979,37.97703733263221,1.0
8.85886893276433,98.49887399652008,1.0
52.981205722909465,60.809874771618915,1.0
26.23980681277722,52.42810645560724,0.0
77.16821837690533,32.98718948655044,1.0
3.3942528342490896,60.63015417634283,0.0
30.071805301422284,59.500869446252366,0.0
2.5094440412587793,69.15242085623969,0.0
49.81535572746571,33.28303850766488,0.0
30.51354470291301,61.59125004064809,0.0
72.8759367232407,35.86893209428828,1.0
45.27751666391377,41.189418567182734,0.0
12.089268909258276,67.51243348376018,1.0
55.63924137598436,63.000773687961015,1.0
69.1101045275789,18.336373112440853,0.0
72.14160028378721,46.307407270961086,1.0
21.80091243915153,65.96856329940874,0.0
50.524946023221,41.53411005179943,0.0
30.557943918387352,58.820985367695,1.0
45.92071286592107,48.20890095107473,0.0
12.301416273744048,61.60872458895824,0.0
40.90450249556626,62.3562697443041,1.0
39.653891165523916,41.947984190252456,0.0
86.22877530731455,20.11401677139659,0.0
93.6089383989143,27.333909166958154,0.0
56.53541750874954,28.751849633427366,0.0
13.05261747096431,64.84727071760672,0.0
62.07039082610567,37.1561277909409,0.0
5.143436641740983,77.46786590815941,1.0
46.58899529965932,35.08706197595598,0.0
81.58455175153225,43.62813008436873,1.0
39.95662493219875,58.72326439358903,0.0
74.49177821969641,51.14322030167657,1.0
35.82704260548717,46.09025707533962,0.0
2.594828568471741,72.40214740680041,0.0
54.774364619498805,68.66140442584874,1.0
73.23432188345261,56.01822587868096,1.0
79.73614931678806,43.29583625481869,1.0
43.659680838810985,39.66493918295633,0.0
43.50883843710921,75.81260582367051,1.0
64.33050097458282,57.8870067528872,1.0
21.855118097867866,62.43847036255613,0.0
42.26693677480916,59.085925476170715,1.0
87.22942016298339,33.11192967319433,1.0
43.30307713396133,52.62693515595752,1.0
14.650221646370476,69.02178791047484,0.0
6.498753959477222,82.46729927418663,1.0
6.039449956874721,79.31536943771766,1.0
55.79635099786291,43.67711179194887,0.0
50.50271871840375,47.041346883135546,0.0
57.201358957102165,55.86758942461383,1.0
59.732023408673705,64.55071921288166,1.0
53.19959784482261,57.01856232586506,1.0
92.81166860828456,5.597539432451795,0.0
87.4598139212668,47.34781602096439,1.0
37.279590369598736,36.54633049230065,0.0
62.02119166689985,15.443027299153506,0.0
90.4636305528016,1.4637188549153777,0.0
8.983234120391126,74.85406879362881,1.0
30.078182753452186,48.88203164952304,0.0
69.95963179413681,44.95234982904051,1.0
64.671566531404,37.795394708753435,0.0
2.792764376352974,71.61424246354991,0.0
3.5506669978743632,81.39487331672474,1.0
99.89003676446319,-8.37578967150393,0.0
23.816730505757988,50.637794973708964,0.0
1.713085100031364,83.89113244245425,1.0
6.483788416226133,58.66664276872599,1.0
6.805016281565868,74.22191013374582,0.0
82.25054390189109,9.803868035773483,0.0
27.747585944780173,48.795886314107335,0.0
90.29935294994999,43.500781905816936,1.0
53.95925219219564,59.3391078890853,1.0
50.58303811649492,43.06304309524029,0.0
50.4924145215372,45.46453633676149,0.0
66.35251443391805,25.52447609610325,0.0
28.268083457065806,81.11541019988577,1.0
49.928466423775355,63.91870453598224,1.0
57.88497566104886,22.49691559232582,0.0
39.051014799935245,41.74811647375925,0.0
32.18669173988727,52.31307964605176,0.0
66.06717831846116,37.37548382834056,1.0
6.79948666121507,49.07250837660861,0.0
41.652683366172425,40.436536159927336,1.0
40.67535750106912,38.67893978224886,0.0
91.01241790846876,43.11402594236929,1.0
83.2955338074027,38.10692456964737,1.0
71.97566153150352,55.03866435507264,1.0
52.78537294757684,30.640758198437112,0.0
23.38182837543027,52.56732707466053,0.0
80.12684764841677,31.420504567491065,0.0
48.633131746725034,58.581260884217215,1.0
32.95615948792773,47.79858568952148,0.0
3.4510240229618017,82.15629445713066,1.0
36.363999295987185,63.092215749489,1.0
6.605490084375476,85.282173799963,1.0
6.3885821508633756,69.21843486263015,1.0
71.63866546939732,55.781296065814544,1.0
63.085538374830165,48.69150472117764,1.0
70.54050750820412,33.931145225544974,0.0
62.28596724207477,65.53487601528363,1.0
63.126170371217725,67.28464033463926,1.0
77.74335511542525,55.33529892515189,1.0
53.70513483884908,40.78875802137295,0.0
97.43461913645372,8.348513330381067,0.0
85.0170850442348,23.671290107010993,0.0
61.67928128510675,57.15666183160755,1.0
2.9847387718673457,82.7814714077784,1.0
5.663024598511413,68.26747126763826,0.0
96.68997048771985,37.08282908222228,1.0
79.89928395179481,35.188734287015286,0.0
77.30882924139955,13.255089017637975,0.0
50.97273739938865,54.939321504524045,0.0
91.36995541225343,35.41087909915873,1.0
43.445309166305634,43.58181304906943,0.0
1.6399484330230973,80.99991458219212,1.0
17.941539699531685,55.59646726007372,0.0
39.29679046453417,66.95626851729354,1.0
39.439425510942826,61.957726909488336,1.0
38.32665523098861,67.11917378947822,1.0
85.78937257946177,42.77529500174621,1.0
64.89589948141928,45.652300660368816,1.0
54.099212129058195,48.57730348629773,1.0
31.05116460276356,94.54794646247221,1.0
33.78614211462884,43.017226663854714,0.0
33.54086034293433,50.72365009440553,1.0
37.3093074332861,34.91809947948765,0.0
62.344005864303796,33.95714490615129,0.0
17.74808498233528,51.64714889835617,0.0
5.285003520060205,74.81359728156052,0.0
93.48880805628409,54.949833322664446,1.0
60.34387858256134,14.323533709193981,0.0
24.36480509002772,53.01112626223492,0.0
12.237539723872882,68.80219270467325,1.0
27.990296309462227,87.31503859191928,1.0
60.161096371946996,58.79343803366369,1.0
54.631308791601505,36.23889069733167,0.0
52.905407313316196,35.77097597081017,0.0
34.12561721339643,40.98106539226902,0.0
86.72562091823913,24.689284531678563,1.0
88.88380583014207,16.54051301166553,0.0
52.138981317004585,39.518605850320135,0.0
17.78086577980168,97.22684475515553,1.0
22.831351161888957,42.9086440408345,0.0
81.94635694634978,25.800319987382494,1.0
6.619773097387249,75.42095442921158,0.0
5.818701741865329,83.06580473166876,1.0
84.52706068353942,40.978569018176856,0.0
18.891662938981835,41.70549761838234,0.0
62.826202613117,36.489629386214375,1.0
60.017735738425515,41.9251411498904,1.0
88.32472283491171,29.36240750052479,0.0
36.191343165313775,71.69014218527408,1.0
47.0812279198652,33.90052805823645,0.0
65.76287188140381,22.75850335189146,0.0
48.869080751839135,38.903397078334926,0.0
38.00185290709496,65.09294538096562,1.0
56.653474628365984,35.47485179018815,0.0
29.861752994886594,54.7161664440947,0.0
36.358609908754936,45.688089318891365,0.0
45.20461118828872,46.135805183200276,1.0
12.794437613073285,82.9014243605791,1.0
27.753184480372582,42.799494809112666,0.0
10.78405418448426,40.57388688689921,0.0
85.92444619239483,28.049660135129656,1.0
38.07031063096309,34.51473169424482,0.0
58.77066672112363,38.77266379776501,0.0
91.16397617862485,41.406084241116865,1.0
26.85468061410059,44.033955280437794,0.0
58.22507124101731,49.115824774472735,1.0
84.6283971683976,16.95226520084914,0.0
36.125969065831995,53.176566404684976,0.0
77.08306768480148,42.173092044765845,1.0
62.90463184619958,49.23774887112828,1.0
67.26125788432297,54.94933908263848,1.0
22.278800089246843,70.578195984575,0.0
9.938349692580395,64.98161822230679,0.0
66.75921948514636,58.18806383995207,1.0
52.67901500713764,44.99471913719521,0.0
3.5288045533367063,63.78800260972193,0.0
2.980893751306579,46.54297751199072,0.0
41.16522831199819,60.22136398431903,1.0
45.697485056925835,42.086995477503265,0.0
89.52676767056197,21.378559195965305,0.0
35.92952451877171,69.30867964083848,1.0
31.86919875315156,61.9353379441263,1.0
53.67476131471386,62.86419903730125,1.0
35.52081757379244,47.29383088541104,0.0
86.36753668588119,18.33757302891042,0.0
91.69631081544712,20.55240370643745,0.0
98.17460465249985,43.627348809771355,1.0
36.6435777408174,47.2957083096032,1.0
54.8719619529054,56.20350012758969,1.0
20.288003590999516,91.13302175438405,1.0
19.874783339292357,81.11558405355082,1.0
69.53531804575883,46.64231020171326,1.0
53.52775006853998,44.73622697649386,0.0
44.53838075318801,46.89245991114825,0.0
30.218517265669032,82.6508040376299,1.0
89.6360516035847,31.616438226602238,0.0
26.747380741010495,85.39356627317059,1.0
82.76715066366663,13.608598406643825,0.0
65.1486860274429,23.773115672611286,0.0
46.19924040893459,52.760851410901495,0.0
23.345723847888998,50.758616670513106,0.0
34.86770125770449,61.59629226730206,1.0
19.10112540127942,78.29907623853477,1.0
67.16601582045286,46.78680648029597,1.0
81.63014307859406,48.68646170312312,1.0
3.330857582872837,92.2208309268452,1.0
67.62021572853689,60.027328737176134,1.0
23.251265677561438,88.84842717412319,1.0
97.8941386182695,35.448784833896624,1.0
79.8429802040813,20.21163421405545,0.0
45.158041295217025,34.57764314518106,0.0
54.18001563412433,41.579133460123245,0.0
62.56685293329182,47.683567968370596,0.0
81.2321184291729,33.36214586525203,0.0
40.49793583094301,59.29898356531053,1.0
34.72253060375788,44.08236841055635,0.0
13.118917965120003,79.94076835453254,1.0
90.81260254045985,48.000382784542765,1.0
19.491808522034717,56.91933215303274,0.0
42.80198124898861,74.60011289580717,1.0
23.36397948727642,46.864929167672656,0.0
32.10594983327061,79.15124732296543,1.0
87.0756469860884,36.9266771225581,1.0
20.804998608524883,66.98864000348682,0.0
20.893041061814355,58.457717665048364,1.0
49.03708613354383,44.77386140286998,0.0
15.71515098634354,62.94629429555236,1.0
7.879122634077829,80.39254357441203,1.0
53.97246058379823,44.85165995973571,0.0
3.6411076603965253,83.16832191042073,0.0
12.633724239319921,87.48733299535027,1.0
84.37690431704694,32.98059825698482,0.0
16.86263392411331,84.56682175636894,1.0
90.72752439015804,39.325902651351676,1.0
56.0452357297809,51.03195065941352,1.0
3.787023320471883,54.546719252572565,0.0
21.80359960125251,54.81661711649619,0.0
6.590324861771768,59.328922196381605,0.0
41.566551951311205,62.628374602409664,1.0
5.644617283198783,79.8372394813599,1.0
61.7383331178915,36.895004651735256,0.0
34.51215775666092,56.69458730828514,1.0
84.9439697840399,30.110851888238354,0.0
40.94734586982221,56.82480891622837,1.0
68.80968594758336,46.47833276262343,0.0
64.96003183970429,31.6830860163583,0.0
9.621485085688853,54.85059895987599,0.0
87.27969882088101,19.511385647395784,0.0
62.03831680080866,50.06820955906156,1.0
71.59728081397951,41.67511079420905,0.0
91.80447349903172,19.52769492760547,0.0
69.94014109022922,45.89130327284337,1.0
35.19493222026259,74.47719007251376,1.0
26.728053414230125,49.156961038367584,0.0
95.78252011673658,27.281527732248676,1.0
2.1855582242308325,61.908036219857415,0.0
23.485696274358357,71.7782618784558,1.0
85.58229871808707,32.088109268723876,1.0
89.07199270860134,44.43690362442047,0.0
73.69052129248459,24.012635747156487,0.0
4.88902195978701,55.29464715194361,0.0
49.67927996260855,62.72316113106192,1.0
8.032765720243273,80.57888698303874,1.0
46.55206477781291,59.7373807549718,1.0
16.479253870765998,49.27086155053476,0.0
18.380635570780846,70.16585685101926,1.0
11.221966841549037,80.16134355471387,1.0
65.62857848056788,52.10452606861995,1.0
8.263303968695945,52.92957531053867,0.0
88.31767076053647,20.729975068591003,1.0
48.65251618581217,45.546066211002,1.0
99.22836072042193,38.91174850572641,1.0
39.828170892971656,71.87473392449151,1.0
92.61568919987711,34.67343196841867,1.0
94.43962433789498,42.15760504150968,1.0
62.313969889726984,50.71885758814406,1.0
29.72227954248433,67.16593430376963,0.0
45.18671829132246,63.694510944791865,1.0
61.49910313792313,72.62609724114711,1.0
1.6748360192855083,61.35069006359852,1.0
99.47953424211902,42.43714472816137,1.0
86.55609908123701,29.022652562488442,0.0
82.47059818323602,25.057633452759337,1.0
55.023529977775965,48.55695178205213,1.0
59.005267401857985,55.6193323232835,1.0
83.73545204203822,63.07439158061965,1.0
83.48005272183308,23.56557820071933,0.0
14.081571207088139,77.67039520039225,1.0
17.2395233608162,59.72775794007303,0.0
53.676632537585256,30.383837273876832,0.0
75.6379297380719,43.903165599445245,1.0
63.61556235977199,54.66344955282247,1.0
58.02509943511183,44.01923230797433,0.0
36.85098570010486,38.3846134804891,0.0
68.37026663311617,40.15383803477511,0.0
10.617116645642477,100.09654252829408,1.0
42.296038586202975,54.616349811672585,1.0
47.147969469385664,16.853692962734378,0.0
99.55280616523662,18.728491233502936,0.0
58.650960266820675,37.00725768994609,0.0
33.20232971207724,58.48666485506486,0.0
75.91107275443841,29.40180566164268,1.0
59.4019661008479,63.24261119645044,1.0
64.31369890011881,47.20937136753298,1.0
75.5960182412228,60.45921659439327,1.0
50.83685668097285,60.38677633666309,0.0
60.02505807011504,57.75694603449532,1.0
27.80190822963826,68.17380749612506,1.0
32.214382979541554,69.37027891293128,1.0
70.2870924928296,12.933408073402664,0.0
1.953359341291394,79.78828119785507,0.0
45.28413543108589,55.899594161130935,1.0
20.7524651695582,83.88048440006857,1.0
41.71568605439771,57.25385874519601,0.0
51.49624996223585,45.65418125937293,1.0
23.941298821476963,54.83729489827402,0.0
79.8929543147856,44.714457575180184,0.0
65.53195295135262,54.15342404648973,1.0
20.73478668702229,58.5267757057518,0.0
28.54996433551671,47.382842784081454,0.0
25.686325212167038,75.87496816440112,1.0
34.32701948087226,43.749060597770416,0.0
55.90921477562737,52.537547860071236,1.0
70.10458455174286,20.750114207275708,0.0
29.4060707207476,77.97129553398004,1.0
6.270837664929463,83.12919853366768,1.0
93.69621466233403,10.482384584899243,0.0
27.915685888825582,55.20629461439063,1.0
91.57784650841008,42.42422409008932,1.0
88.65239500368061,38.92220923530639,1.0
6.762173278764882,40.12696060385889,0.0
44.159884786192215,35.214562036369394,0.0
3.535097941204257,91.72037899788658,1.0
35.19644906434544,35.184900583786884,0.0
93.13980227897517,23.529826994148067,0.0
42.62138518837928,43.702967092135594,0.0
55.039382228939296,40.52223924837819,1.0
58.24107767426524,19.712598686631907,0.0
84.65024237553588,36.85106898629441,0.0
33.22122933033541,63.8742055732313,1.0
66.01580052885825,51.815114376863185,1.0
28.851850506766553,83.5622806620774,1.0
81.53984532792813,28.77113207653962,1.0
50.81078621425327,64.48790014588226,1.0
22.200079059433286,25.513685942757597,0.0
71.36714787771368,41.27305778208476,0.0
73.91193771816059,51.88800958065235,1.0
47.64057897667955,36.10919563980429,0.0
53.19633016359554,53.20424628933445,1.0
44.32754290680854,49.49716194349141,0.0
54.18651130415284,57.62618151154161,1.0
4.378597054350875,84.05132588928142,1.0
83.52896055538265,29.940888928635047,0.0
37.536715992040605,54.649488218664644,1.0
55.73301951521253,50.11566912144522,1.0
88.87378465341857,20.669199670048283,0.0
27.272609643959733,55.689869620083876,0.0
28.28713876256257,58.54043997461626,0.0
28.01537468665092,44.98066137088795,0.0
61.80339901960726,30.97278129615111,0.0
88.35667375662042,17.12196986614131,0.0
19.15864260622454,84.9235793284131,1.0
60.48277890407534,62.64899834610174,1.0
68.57821501982386,35.152173647006435,0.0
35.59269469553418,63.08691238385196,1.0
28.59066912485736,43.10739104494621,0.0
9.116622866344526,66.69048238619969,0.0
61.60744820583025,46.96217482858443,1.0
0.8113620867106097,61.363517233083705,0.0
57.95239790362376,58.71974166605661,1.0
24.098318760711912,68.65704500886059,1.0
11.152635894896413,69.71899798185243,1.0
72.10606242275705,27.318010280942943,0.0
40.76148318643197,33.31037549661848,0.0
33.43409135618023,41.09143961400363,1.0
88.55127208706213,44.84660334033347,1.0
28.937383215954625,33.65172137885149,0.0
80.74664814236434,53.09025857434,1.0
86.95471051203116,16.88972878980617,0.0
11.448376028439956,88.34305909267951,1.0
64.8473709531772,64.19203789619526,1.0
51.723812563819884,56.05907781743837,1.0
82.67515223519469,45.84527299465319,1.0
85.93549276206393,50.17812514371022,1.0
96.3631848221919,15.850059190519135,0.0
31.36666490326355,57.42360340735677,1.0
59.11474299258542,32.44209846098724,0.0
17.86250147949653,52.71382276432769,0.0
4.663330295109047,63.84469518628131,1.0
99.30719365545609,44.78161351305608,1.0
46.27240025721482,55.41750096605449,1.0
30.725598895328755,78.27405221956126,1.0
67.52096690837229,40.791738678787226,1.0
61.24934099794521,32.791857928225724,0.0
91.5296111973941,33.03188258993901,1.0
80.38647164872407,8.99012353726088,0.0
95.01736713705917,14.163133309306966,0.0
48.7780962347626,45.78140687735031,0.0
99.47020610182122,23.897461347964466,0.0
10.792847543580697,58.58667645946828,0.0
97.95327478658413,4.392895286066993,0.0
76.78115781293116,60.85428743471798,1.0
11.539719440458796,86.05896278043458,1.0
41.107191720331095,40.306710266585156,0.0
28.159473122341417,58.51303940000513,1.0
53.35110698449972,36.54791891426623,0.0
12.13890025336769,55.596899858414496,0.0
95.02979077537661,42.092428072611156,1.0
95.95785977536744,22.02008678264093,1.0
3.059089110090929,55.94161672275513,0.0
39.2501767490945,42.90529721639383,0.0
8.561176287506955,64.61006499959424,0.0
59.634430603804475,65.24516870638519,1.0
69.11350861308078,47.4178422418739,1.0
96.90151983051433,14.36345045693091,0.0
39.55088328135321,47.86725564581586,1.0
5.839748467492534,99.17850076583579,1.0
44.92279593382904,51.80903660772831,1.0
75.4371941775377,24.464655001624816,0.0
77.18438060338411,39.06491243238368,0.0
89.39898727275707,-0.12353949991415547,0.0
69.66599494129387,13.748116551248472,0.0
66.64043672395272,31.467433395665573,1.0
34.675634651774764,51.50571875246584,0.0
81.93757879266302,27.93542669735453,1.0
7.433156379819172,62.0864881939861,0.0
15.972017698355046,67.40918623189616,1.0
81.8962284937416,18.63088427194908,0.0
77.00384650437626,38.41342859046733,1.0
24.74277169299225,50.416513956278465,0.0
20.05464381119446,82.93680801799425,1.0
89.69040293532362,15.807319975443207,0.0
26.82423268927039,43.69514907297612,0.0
87.43749352032553,20.047768939339086,0.0
77.87303035221154,51.42849193166325,1.0
54.08028917222266,62.94910780899117,1.0
21.681737812656422,70.84510449619025,1.0
46.5907726573481,40.677756444324146,0.0
45.90888741292537,44.915897014205754,0.0
65.34147904285523,61.66310722661838,1.0
28.08712697759439,70.84913079737578,1.0
86.42089584727412,40.79402030092917,0.0
66.73870820218329,44.325570078343574,1.0
82.24294748450166,20.33026428822781,0.0
14.562049994734016,66.84576954596692,0.0
74.18109271940347,52.05060606242385,1.0
9.292374550496774,83.9723965109288,1.0
76.41418618269866,8.607594586282318,0.0
5.708884387445501,68.89768378202785,1.0
62.46702925702612,50.53690709299325,1.0
2.921651509165879,77.66500424012884,0.0
60.19883547051849,41.19323196977403,0.0
88.54062932072057,42.17204782503377,1.0
23.693026474255106,39.469057505543404,0.0
61.19104769831998,47.05588536127035,1.0
6.215134475180584,87.12448059887619,1.0
8.553382366313123,73.30908084588994,1.0
55.874008791745176,59.39611986654187,1.0
11.066879692401354,69.78430086683254,1.0
40.26491078509885,54.331425667265954,1.0
67.03029589589258,32.78884889498543,0.0
19.226183364597638,65.34949619975376,1.0
66.52274008874996,44.65035962735015,1.0
8.07691052566316,64.80154071315305,0.0
73.6769129132276,39.43124175305837,1.0
85.96625264501459,48.57159442631144,1.0
73.78721628608218,36.45139025760409,1.0
83.99163879713497,53.895098192019,1.0
58.05948550028827,18.483660346865864,0.0
20.39886000266752,53.260595776612305,0.0
29.040094444035503,52.35714943340953,0.0
74.65216483509,41.762356038111704,1.0
57.609751846886084,63.049228847548186,0.0
51.935797108276205,64.74025195065667,1.0
38.521626573762404,51.613654651694006,0.0
40.53279920555738,60.09468544494907,0.0
81.0076538051922,40.66833106198806,1.0
42.40001553466063,32.313173841948206,0.0
46.389944696219956,64.51511697273843,1.0
35.124613774137146,58.485691663887636,0.0
38.93723909909538,62.030097052615666,1.0
88.62772252065476,28.410263999707592,0.0
52.920996457117845,33.28210141106053,0.0
43.390718837910015,52.52186194655088,1.0
9.284227846499027,85.12908261079917,1.0
71.3212254186841,39.804186406072326,1.0
5.392175972931678,67.67104489722334,0.0
22.832189975674698,56.11499578429852,0.0
53.877339791181576,50.66205621681498,1.0
28.191821542605044,57.672954272599405,0.0
92.39095742080478,41.409792666953535,1.0
11.01395699628428,84.39598406595773,1.0
47.326287827138735,59.71869108665009,0.0
69.06851154061061,41.45526924090224,0.0
93.35680708168394,22.068917988706556,0.0
66.08878017122312,27.234270211656916,0.0
84.83663606856706,27.881877346123527,0.0
38.67252832389143,53.44914272726733,0.0
18.580097999029753,59.2393526271629,1.0
7.843599381926792,74.95795439540953,1.0
40.010886256402856,69.01262932612148,1.0
59.072319541869135,30.1283193373579,0.0
31.089351279156396,74.93856131296482,1.0
72.1725573079533,52.951446241497536,1.0
35.40665406343588,68.54070719575847,0.0
89.82671725315117,40.12416268284998,1.0
46.6956652740571,47.10348210383297,0.0
70.26323744526097,31.89950687064841,0.0
66.51544789175706,27.17738439612836,0.0
5.744306444770353,53.111332823189,1.0
67.27517313210633,19.164908385639926,0.0
49.907120855492494,43.86427130837463,1.0
40.88445353074833,32.27569001511061,0.0
54.12796003868314,52.3626866544501,0.0
72.77149987676991,23.180492683995915,0.0
92.13856399164601,16.206557728782187,0.0
43.00237477009817,61.1103014246348,0.0
41.33859365552999,63.45815209011466,1.0
37.9005443046048,54.01604650305588,0.0
54.74512794762205,42.554988939412226,0.0
30.29811879993689,37.95317222263065,0.0
64.14909040466122,40.142796943544795,1.0
62.13228263328403,42.66862893148786,1.0
86.2501197314122,32.16123235391211,0.0
13.18618168135507,63.27818987067067,0.0
70.20692962317013,26.67355284902479,0.0
84.55470606113002,23.05315380023181,0.0
9.50606211798075,60.2240207732924,0.0
32.886794382943265,67.00420849033446,1.0
7.4914835519933165,62.328087485180966,0.0
45.27129325617744,38.55982773645415,0.0
24.983720910727946,53.347666134526435,1.0
47.71728625208209,77.80462211866221,1.0
34.69137724017538,40.85308502677245,0.0
36.624099516092556,50.68279626979342,0.0
21.727480323231163,70.80977444110212,1.0
50.2289740569844,49.80628006072917,1.0
64.40403848279838,66.33440609963229,1.0
86.98988381711628,20.649121918306026,0.0
80.33761612292487,50.106530020201376,1.0
72.99183925532701,58.44394683938286,1.0
34.32212779981798,46.46790760749968,0.0
63.79909690575018,56.127263335326504,0.0
20.08614721955716,61.42804049801768,1.0
92.54964634363324,30.175292928435404,1.0
15.559642217997638,55.24670371410145,0.0
92.51053208339862,24.65184250600679,0.0
43.87621521522177,49.84719846424873,0.0
55.16976504138542,65.35905873942286,1.0
57.105986776163356,46.056825136297505,1.0
78.22628897344396,37.2943547559037,0.0
77.30620547372037,41.52432226934158,1.0
85.69683645169503,20.805287807751167,0.0
15.030664560249352,63.25347413738284,1.0
11.926984220925496,41.46419991498738,0.0
86.5650041809554,26.641366888379334,0.0
26.96971892394373,77.38628475451961,1.0
78.66533676714973,36.62866904070116,1.0
36.09132126746949,52.61771687577617,0.0
60.17750038691596,30.60935501273286,0.0
31.900765892479477,70.4514217576457,1.0
70.7541206933054,31.243012629947504,0.0
61.399882999375734,33.22733057590245,0.0
97.6074123309353,40.07409945396967,0.0
89.62298447842139,19.164835733112888,0.0
6.258365639005414,82.41850018577347,1.0
39.63873328795904,40.42306275631245,0.0
24.751795726144543,73.40909395424192,1.0
61.7015236161874,58.53090907041169,1.0
90.2511624678408,26.16784395381334,0.0
4.532830123815346,59.57870027143098,0.0
64.1321808259447,26.790971534507015,0.0
40.28251557861711,77.33768556985086,1.0
38.547455276744934,48.653288861914874,1.0
29.115522445354802,52.09243453960953,1.0
54.217967647362265,38.01608821983563,0.0
3.317025216375813,56.35474011020362,0.0
52.94135503019929,68.00543556507617,1.0
79.48953742227205,31.757186627979465,0.0
86.29263502592627,40.97276355062036,1.0
6.049731462169361,86.92770816601644,1.0
3.168533387785244,54.581436995996484,0.0
99.90643881605365,52.73915904202605,1.0
15.303716388031308,42.44428580528036,0.0
96.36379720234717,20.764255561179866,0.0
45.995965354590155,57.837959697849826,1.0
52.67238824593594,37.11655080027481,0.0
98.79440529623965,-0.8588136415371643,0.0
22.199583216965536,69.56492275833463,1.0
25.404909439237578,39.217386584027764,0.0
18.9021535229273,89.05881806822313,1.0
13.986354473915497,80.54793568125244,1.0
23.773187497078617,58.91761840122568,1.0
50.7967388076058,64.1430678318724,1.0
94.6035787441455,34.04372487814024,1.0
